name,campaign
The Gathering,The Night of the Zealot
Midnight Masks,The Night of the Zealot
The Devourer Below,The Night of the Zealot
Extracurricular Activity,The Dunwich Legacy
The House Always Wins,The Dunwich Legacy
Miskatonic Museum,The Dunwich Legacy
The Essex County Express,The Dunwich Legacy
Blood on the Altar,The Dunwich Legacy
Undimensioned and Unseen,The Dunwich Legacy
Where Doom Awaits,The Dunwich Legacy
Lost in Time and Space,The Dunwich Legacy
Curtain Call,The Path to Carcosa
The Last King,The Path to Carcosa
Echoes from the Past,The Path to Carcosa
The Unspeakable Oath,The Path to Carcosa
A Phantom of Truth,The Path to Carcosa
The Pallid Mask,The Path to Carcosa
Black Stars Rise,The Path to Carcosa
Dim Carcosa,The Path to Carcosa
Untamed Wilds,The Forgotten Age
The Doom of Eztli,The Forgotten Age
Threads of Fate,The Forgotten Age
The Boundary Beyond,The Forgotten Age
Heart of the Elders,The Forgotten Age
City of Archives,The Forgotten Age
Depths of Yoth,The Forgotten Age
Shattered Eons,The Forgotten Age
Turn Back Time,The Forgotten Age
Witching Hour,The Circle Undone
At Death's Doorstep,The Circle Undone
The Secret Name,The Circle Undone
Wages of Sin,The Circle Undone
For the Greater Good,The Circle Undone
Union and Disillusion,The Circle Undone
In the Clutches of Chaos,The Circle Undone
Before the Black Throne,The Circle Undone
Beyond the Gates of Sleep,The Dream Eaters
The Search for Kadath,The Dream Eaters
Dark Side of the Moon,The Dream Eaters
Where Gods Dwell,The Dream Eaters
Waking Nightmare,The Dream Eaters
A Thousand Shapes of Horror,The Dream Eaters
No Turning Back,The Dream Eaters
Weaver of the Cosmos,The Dream Eaters
Pit of Despair,The Innsmouth Conspiracy
The Vanishing of Elina Harper,The Innsmouth Conspiracy
In Too Deep,The Innsmouth Conspiracy
Devil Reef,The Innsmouth Conspiracy
Horror in High Gear,The Innsmouth Conspiracy
A Light in the Fog,The Innsmouth Conspiracy
Dagon's Lair,The Innsmouth Conspiracy
Into the Maelstrom,The Innsmouth Conspiracy
Ice and Death I,Edge of the Earth
Ice and Death II,Edge of the Earth
Ice and Death III,Edge of the Earth
Fatal Mirage,Edge of the Earth
To the Forbidden Peaks,Edge of the Earth
City of the Elders,Edge of the Earth
The Heart of Madness I,Edge of the Earth
The Heart of Madness II,Edge of the Earth
Riddles in the Rain,Scarlet Keys
Dancing Mad,Scarlet Keys
Dead Heat,Scarlet Keys
Dealings in the Dark,Scarlet Keys
Dogs of War,Scarlet Keys
On Thin Ice,Scarlet Keys
Sanguine Shadows,Scarlet Keys
Shades of Suffering,Scarlet Keys
Without A Trace,Scarlet Keys
Congregation of the Keys,Scarlet Keys
The Lost Sister,The Feast of Hemlock Vale
Hemlock House,The Feast of Hemlock Vale
The Silent Heath,The Feast of Hemlock Vale
Thing in the Depths,The Feast of Hemlock Vale
Written In Rock,The Feast of Hemlock Vale
The Twisted Hollow,The Feast of Hemlock Vale
The Longest Night,The Feast of Hemlock Vale
Fate of the Vale,The Feast of Hemlock Vale
The Tatterdemalion,Dark Matter
Electric Nightmare,Dark Matter
Lost Quantum,Dark Matter
In the Shadow of Earth,Dark Matter
Strange Moons,Dark Matter
The Machine in Yellow,Dark Matter
Fragment of Carcosa,Dark Matter
Starfall,Dark Matter
One Last Job,The Drowned City
The Western Wall,The Drowned City
The Drowned Quarter,The Drowned City
The Apiary,The Drowned City
The Grand Vault,The Drowned City
Court of the Ancients,The Drowned City
Obsidian Canyons,The Drowned City
"The Doom of Arkham, Pt. I",The Drowned City
"The Doom of Arkham, Pt. II",The Drowned City
Sepulchre of the Sleeper,The Drowned City
Spreading Flame,Brethren of Ash
Smoke and Mirrors,Brethren of Ash
Queen of Ash,Brethren of Ash
Arkham in Wonderland,Alice In Wonderland
A Sea of Troubles,Alice In Wonderland
Tempest in a Teapot,Alice In Wonderland
Bleeding Hearts,Alice In Wonderland
Wild Snark Chase,Alice In Wonderland
Sibling Rivalry,Alice In Wonderland
Fool's Mate,Alice In Wonderland
Lucid Nightmare,Alice In Wonderland
Curse of the Rougarou,
Carnivale of Horrors,
Eternal Slumber,
The Night's Usurper,
Excelsior Hotel,
The Blob That Ate Everything,
Machinations Through Time,
The Meddling of Meowtholeph,
War of the Outer Gods,
Labyrinths of Lunacy,
Fortune and Folly Pt. I,
Fortune and Folly Pt. II,
The Midwinter Gala,
Film Fatale,
